{
  "config": "v3",
  "num_params": 4017796,
  "num_epochs": 40,
  "best_val_f1": 0.8523821583242521,
  "test_accuracy": 0.9530761209593326,
  "test_f1": 0.844364425628231,
  "test_kappa": 0.8127152004623062,
  "per_class_f1": {
    "N": 0.839622641509434,
    "D": 0.8548895899053628,
    "G": 0.8188976377952756,
    "C": 0.9137931034482759,
    "A": 0.7954545454545454,
    "H": 0.8,
    "M": 0.9512195121951219,
    "O": 0.781038374717833
  },
  "total_train_time": 13045.357569932938,
  "avg_epoch_time": 326.0904284000397,
  "avg_inference_time_ms": 24.960729471778357
}