Config,Params,Accuracy,F1-Score,Kappa,Epoch Time (s),Inference (ms)
v1,4017796,0.9552919708029197,0.8529601457461575,0.8227540791153926,302.85607651472094,15.839812375845451
v2,4017796,0.9556830031282586,0.8423796721107895,0.8125258837873444,313.8544778168201,13.484877700446756
v3,4017796,0.9530761209593326,0.844364425628231,0.8127152004623062,326.0904284000397,24.960729471778357
v4,4017796,0.9559436913451512,0.849293976829383,0.8195090260581905,361.80013568997384,26.746553847546217
