{
  "config": "v1",
  "num_params": 4017796,
  "num_epochs": 40,
  "best_val_f1": 0.8595739153612378,
  "test_accuracy": 0.9552919708029197,
  "test_f1": 0.8529601457461575,
  "test_kappa": 0.8227540791153926,
  "per_class_f1": {
    "N": 0.8359621451104101,
    "D": 0.8783570300157978,
    "G": 0.8396946564885496,
    "C": 0.9105691056910569,
    "A": 0.8222222222222222,
    "H": 0.782608695652174,
    "M": 0.9629629629629629,
    "O": 0.7913043478260869
  },
  "total_train_time": 12115.376575946808,
  "avg_epoch_time": 302.85607651472094,
  "avg_inference_time_ms": 15.839812375845451
}