{
  "config": "v2",
  "num_params": 4017796,
  "num_epochs": 40,
  "best_val_f1": 0.8539055611142967,
  "test_accuracy": 0.9556830031282586,
  "test_f1": 0.8423796721107895,
  "test_kappa": 0.8125258837873444,
  "per_class_f1": {
    "N": 0.8500772797527048,
    "D": 0.869431643625192,
    "G": 0.8264462809917356,
    "C": 0.9137931034482759,
    "A": 0.8043478260869565,
    "H": 0.746268656716418,
    "M": 0.926829268292683,
    "O": 0.8018433179723502
  },
  "total_train_time": 12556.29800605774,
  "avg_epoch_time": 313.8544778168201,
  "avg_inference_time_ms": 13.484877700446756
}