{
  "config": "v4",
  "num_params": 4017796,
  "num_epochs": 40,
  "best_val_f1": 0.8504786918156728,
  "test_accuracy": 0.9559436913451512,
  "test_f1": 0.849293976829383,
  "test_kappa": 0.8195090260581905,
  "per_class_f1": {
    "N": 0.8359621451104101,
    "D": 0.8814589665653495,
    "G": 0.8153846153846154,
    "C": 0.9411764705882353,
    "A": 0.8131868131868132,
    "H": 0.7297297297297297,
    "M": 0.975609756097561,
    "O": 0.8018433179723502
  },
  "total_train_time": 14473.565753936768,
  "avg_epoch_time": 361.80013568997384,
  "avg_inference_time_ms": 26.746553847546217
}