{
  "n_samples": 50,
  "contrast_before_mean": 51.756334734332924,
  "contrast_before_std": 15.358109011051722,
  "contrast_after_mean": 50.81688087404743,
  "contrast_after_std": 11.817961800144237,
  "improvement_pct": -1.8151475855230976
}