{
  "n_samples": 50,
  "contrast_before_mean": 51.756334734332924,
  "contrast_before_std": 15.358109011051722,
  "contrast_after_mean": 53.24867228419472,
  "contrast_after_std": 12.823262113634376,
  "improvement_pct": 2.8833911008614024
}