{
    "model": "Neural Network",
    "architecture": {
        "input_size": 16384,
        "hidden_units": 64,
        "output_size": 1
    },
    "hyperparameters": {
        "learning_rate": 0.5,
        "lambda": 0.1,
        "iterations": 400
    },
    "cross_validation": {
        "mean_accuracy": 0.7683247386981115,
        "std_dev": 0.029623970976876628,
        "fold_scores": [
            0.7422790202342918,
            0.8146964856230032,
            0.7494669509594882,
            0.7430703624733476,
            0.7921108742004265
        ]
    },
    "test_performance": {
        "accuracy": 0.7435684647302905,
        "precision": 0.7435684647302905,
        "recall": 1.0,
        "f1_score": 0.8529271775345074
    },
    "overfitting": {
        "train_accuracy": 0.742540494458653,
        "test_accuracy": 0.7435684647302905,
        "gap": -0.0010279702716374794
    }
}