{
    "V1": {
        "overall_accuracy": 0.4264859228362878,
        "f1_macro": 0.5415402022822648,
        "cohen_kappa": 0.40835678138173426,
        "auc_roc": 0.8210517069077403,
        "f1_per_class": {
            "N": 0.5793304221251819,
            "D": 0.6192893401015228,
            "G": 0.5042016806722689,
            "C": 0.7413793103448276,
            "A": 0.4871794871794872,
            "H": 0.2456140350877193,
            "M": 0.7894736842105262,
            "O": 0.36585365853658536
        },
        "thresholds_used": null
    },
    "V2": {
        "overall_accuracy": 0.3691345151199166,
        "f1_macro": 0.5343797790926815,
        "cohen_kappa": 0.3694113737358531,
        "auc_roc": 0.822667270986591,
        "f1_per_class": {
            "N": 0.514480408858603,
            "D": 0.5676190476190477,
            "G": 0.46296296296296297,
            "C": 0.7407407407407407,
            "A": 0.47500000000000003,
            "H": 0.30508474576271183,
            "M": 0.7647058823529412,
            "O": 0.4444444444444444
        },
        "thresholds_used": null
    },
    "V3": {
        "overall_accuracy": 0.42752867570385816,
        "f1_macro": 0.55826027106845,
        "cohen_kappa": 0.39352543937911677,
        "auc_roc": 0.8317609012886211,
        "f1_per_class": {
            "N": 0.5931232091690545,
            "D": 0.6084142394822006,
            "G": 0.5573770491803278,
            "C": 0.7272727272727273,
            "A": 0.4819277108433735,
            "H": 0.31034482758620685,
            "M": 0.8108108108108109,
            "O": 0.37681159420289856
        },
        "thresholds_used": null
    },
    "V4_Best": {
        "overall_accuracy": 0.43795620437956206,
        "f1_macro": 0.5890194673199008,
        "cohen_kappa": 0.39875236413412607,
        "auc_roc": 0.8517229387206033,
        "f1_per_class": {
            "N": 0.5924932975871313,
            "D": 0.6515151515151515,
            "G": 0.5636363636363636,
            "C": 0.7222222222222222,
            "A": 0.5679012345679013,
            "H": 0.4067796610169491,
            "M": 0.7532467532467533,
            "O": 0.45436105476673433
        },
        "thresholds_used": [
            0.1,
            0.45000000000000007,
            0.25000000000000006,
            0.5000000000000001,
            0.5000000000000001,
            0.30000000000000004,
            0.40000000000000013,
            0.15000000000000002
        ]
    }
}