{
    "model": "SVM (Polynomial Kernel)",
    "hyperparameters": {
        "kernel": "poly",
        "degree": 2,
        "C": 1.0,
        "gamma": 0.01
    },
    "cross_validation": {
        "mean_accuracy": 0.9769840891389696,
        "std_dev": 0.0053221075558061446,
        "fold_scores": [
            0.9776357827476039,
            0.966986155484558,
            0.9829424307036247,
            0.9786780383795309,
            0.9786780383795309
        ]
    },
    "validation_set": {
        "accuracy": 0.9686369119420989
    },
    "test_performance": {
        "accuracy": 0.9842323651452282,
        "precision": 0.9988623435722411,
        "recall": 0.9799107142857143,
        "f1_score": 0.9892957746478873
    },
    "overfitting": {
        "train_accuracy": 1.0,
        "test_accuracy": 0.9842323651452282,
        "gap": 0.01576763485477184
    }
}