{
  "config": "v3_focal_10ep",
  "num_params": 4017796,
  "num_epochs": 10,
  "best_val_f1": 0.825644420509273,
  "test_accuracy": 0.9473409801876955,
  "test_f1": 0.8149691729532131,
  "test_kappa": 0.7795804297602695,
  "per_class_f1": {
    "N": 0.8410596026490066,
    "D": 0.806697108066971,
    "G": 0.7938931297709924,
    "C": 0.896551724137931,
    "A": 0.782608695652174,
    "H": 0.7058823529411765,
    "M": 0.9176470588235294,
    "O": 0.7754137115839244
  },
  "total_train_time": 2761.1116619110107,
  "avg_epoch_time": 276.00386106967926,
  "avg_inference_time_ms": 12.299845143351503
}