{
  "config": "v4_clipped_10ep",
  "num_params": 4017796,
  "num_epochs": 10,
  "best_val_f1": 0.8164976407872349,
  "test_accuracy": 0.9435610010427529,
  "test_f1": 0.8134218842437716,
  "test_kappa": 0.7748254445673934,
  "per_class_f1": {
    "N": 0.8032,
    "D": 0.827893175074184,
    "G": 0.8125,
    "C": 0.864406779661017,
    "A": 0.8089887640449438,
    "H": 0.7246376811594203,
    "M": 0.9069767441860465,
    "O": 0.7587719298245614
  },
  "total_train_time": 2575.965362071991,
  "avg_epoch_time": 257.49942753314974,
  "avg_inference_time_ms": 9.193539947912257
}