{
  "config": "v4_focal_10ep",
  "num_params": 4017796,
  "num_epochs": 10,
  "best_val_f1": 0.8316458375775498,
  "test_accuracy": 0.9481230448383733,
  "test_f1": 0.8143550690189079,
  "test_kappa": 0.7797870853095605,
  "per_class_f1": {
    "N": 0.8283828382838284,
    "D": 0.828125,
    "G": 0.8091603053435115,
    "C": 0.8301886792452831,
    "A": 0.7710843373493976,
    "H": 0.7164179104477612,
    "M": 0.9629629629629629,
    "O": 0.7685185185185185
  },
  "total_train_time": 3308.7726809978485,
  "avg_epoch_time": 330.7456314563751,
  "avg_inference_time_ms": 12.802104331472869
}