{
  "config": "v3_clipped_10ep",
  "num_params": 4017796,
  "num_epochs": 10,
  "best_val_f1": 0.8140220670097513,
  "test_accuracy": 0.9442127215849844,
  "test_f1": 0.8209463674095123,
  "test_kappa": 0.7831251712916143,
  "per_class_f1": {
    "N": 0.8273504273504273,
    "D": 0.8315946348733234,
    "G": 0.8270676691729323,
    "C": 0.8833333333333333,
    "A": 0.7741935483870968,
    "H": 0.7567567567567568,
    "M": 0.9523809523809523,
    "O": 0.7148936170212766
  },
  "total_train_time": 2581.312114238739,
  "avg_epoch_time": 258.0376941919327,
  "avg_inference_time_ms": 17.013958416959294
}