{
  "config": "v4_quick",
  "num_params": 4017796,
  "num_epochs": 10,
  "best_val_f1": 0.8170183470398474,
  "test_accuracy": 0.9435610010427529,
  "test_f1": 0.8115835679727573,
  "test_kappa": 0.7730267296741586,
  "per_class_f1": {
    "N": 0.8156606851549756,
    "D": 0.8154761904761905,
    "G": 0.8615384615384616,
    "C": 0.8813559322033898,
    "A": 0.7865168539325843,
    "H": 0.7246376811594203,
    "M": 0.8478260869565217,
    "O": 0.759656652360515
  },
  "total_train_time": 2711.417994260788,
  "avg_epoch_time": 271.062029671669,
  "avg_inference_time_ms": 17.75688363179084
}