{
  "config": "v3_quick",
  "num_params": 4017796,
  "num_epochs": 10,
  "best_val_f1": 0.8048851391658964,
  "test_accuracy": 0.9412148070907195,
  "test_f1": 0.8081982200720728,
  "test_kappa": 0.7681834636976924,
  "per_class_f1": {
    "N": 0.8143322475570033,
    "D": 0.8263988522238164,
    "G": 0.7272727272727273,
    "C": 0.864,
    "A": 0.8043478260869565,
    "H": 0.775,
    "M": 0.9195402298850575,
    "O": 0.7346938775510204
  },
  "total_train_time": 2595.3825855255127,
  "avg_epoch_time": 259.4491415262222,
  "avg_inference_time_ms": 23.3508363366127
}